駅,lon,lat
田浦駅,139.637639,35.292694
station,lon,lat
横須賀駅,139.655417,35.284417
衣笠駅,139.661333,35.257333
久里浜駅,139.701329,35.233073
追浜駅,139.624140,35.317498
京急田浦駅,139.625020,35.293644
安針塚駅,139.38346,35.17123
逸見駅,139.39102,35.16505
汐入駅,139.39431,35.16488
横須賀中央駅,139.40143,35.16426
県立大学駅,139.40371,35.16111
堀ノ内駅,139.41122,35.15488
京急大津駅,139.695913,35.260810
馬堀海岸駅,139.707925,35.259597
浦賀駅,139.715077,35.251617
新大津駅,139.690111,35.256889
北久里浜駅,139.686390,35.249440
京急久里浜駅,139.702028,35.231306
YRP野比駅,139.685000,35.212111
京急長沢駅,139.674361,35.205722
津久井浜駅,139.665758,35.198658
三浦海岸駅,139.653265,35.188179
三崎口駅,139.633219,35.177490